{
    "application_protection": {
        "description": "Configuration for protecting CYBERMANS Anti-Ransomware application files from being deleted by the application itself",
        "version": "1.0",
        "protected_files": [
            "wannacry_detector.py",
            "antiransomware.py", 
            "GUI_PART_2.py",
            "launcher.py",
            "ransomware_killer.py",
            "honeypot_monitor.py",
            "automatic_threat_response.py",
            "yara_scanner.py",
            "enhanced_signature_detector.py",
            "static_heuristic_analyzer.py",
            "dynamic_heuristic_analyzer.py",
            "unified_threat_analyzer.py",
            "vss_manager.py",
            "windows_compatibility_manager.py",
            "config.json",
            "requirements.txt",
            "setup.py",
            "build_executable.py",
            "installer.py",
            "launcher.bat",
            "application_protection.json"
        ],
        "protected_directories": [
            "Config",
            "Logs", 
            "Backups",
            "Quarantine",
            "Incidents",
            "Honeypots",
            "rules",
            "yara",
            "__pycache__"
        ],
        "protected_extensions": [
            ".py",
            ".json",
            ".txt",
            ".bat",
            ".md"
        ],
        "protection_rules": {
            "exclude_application_directory": true,
            "exclude_by_filename": true,
            "exclude_by_directory": true,
            "exclude_by_extension": true,
            "log_protection_actions": true
        },
        "backup_settings": {
            "create_backup_before_deletion": true,
            "backup_directory": "Deleted_Files_Backup",
            "include_timestamp": true
        }
    }
}


